{
    "Linear Regression": {
        "r2": 0.8356069852172184,
        "mae": 0.8085429029674488,
        "rmse": 0.9864859179318567,
        "cv_r2_mean": 0.8411664854810297
    },
    "Random Forest": {
        "r2": 0.9528623220086795,
        "mae": 0.3947812,
        "rmse": 0.5282424551093939,
        "cv_r2_mean": 0.9392702074736066
    },
    "XGBoost": {
        "r2": 0.9845396337626677,
        "mae": 0.22825677479743955,
        "rmse": 0.302523487902445,
        "cv_r2_mean": 0.9763823735472567
    }
}